{"cameraMode":{"drawMode":0,"name":"Shaded","section":"Shading Mode"},"sceneLighting":false,"audioPlay":false,"sceneViewState":{"showFog":true,"showMaterialUpdate":false,"showSkybox":false,"showFlares":true,"showImageEffects":true,"showParticleSystems":true},"in2DMode":false,"pivot":{"x":-0.027070164680480958,"y":7.13137674331665,"z":0.33762502670288088},"rotation":{"x":-0.19778414070606233,"y":-0.48756036162376406,"z":0.1142103374004364,"w":-0.8428288698196411},"size":7.8509721755981449,"orthographic":false}