{"cameraMode":{"drawMode":0,"name":"Shaded","section":"Shading Mode"},"sceneLighting":true,"audioPlay":false,"sceneViewState":{"showFog":true,"showMaterialUpdate":false,"showSkybox":true,"showFlares":true,"showImageEffects":true,"showParticleSystems":true},"in2DMode":false,"pivot":{"x":15.775405883789063,"y":0.5936816334724426,"z":28.459171295166017},"rotation":{"x":-0.015907952561974527,"y":0.9484087824821472,"z":-0.31313183903694155,"w":-0.048121292144060138},"size":18.069236755371095,"orthographic":false}